[{"model": "admin.logentry", "pk": 1, "fields": {"action_time": "2020-12-02T01:08:42.666Z", "user": 4, "content_type": 8, "object_id": "2", "object_repr": "patrick", "action_flag": 3, "change_message": ""}}, {"model": "admin.logentry", "pk": 2, "fields": {"action_time": "2020-12-02T01:09:47.913Z", "user": 4, "content_type": 2, "object_id": "1", "object_repr": "Hacker", "action_flag": 1, "change_message": "[{\"added\": {}}]"}}, {"model": "admin.logentry", "pk": 3, "fields": {"action_time": "2020-12-02T01:19:07.871Z", "user": 4, "content_type": 8, "object_id": "1", "object_repr": "fatpat", "action_flag": 3, "change_message": ""}}, {"model": "admin.logentry", "pk": 4, "fields": {"action_time": "2020-12-02T01:20:46.206Z", "user": 4, "content_type": 2, "object_id": "1", "object_repr": "Hacker", "action_flag": 2, "change_message": "[{\"added\": {\"name\": \"sub category\", \"object\": \"Sub category 2.1\"}}]"}}, {"model": "admin.logentry", "pk": 5, "fields": {"action_time": "2020-12-02T01:21:18.822Z", "user": 4, "content_type": 11, "object_id": "1", "object_repr": "Zelda overworld theme", "action_flag": 1, "change_message": "[{\"added\": {}}]"}}, {"model": "admin.logentry", "pk": 6, "fields": {"action_time": "2020-12-02T01:23:13.411Z", "user": 4, "content_type": 20, "object_id": "4", "object_repr": "Message object (4)", "action_flag": 2, "change_message": "[]"}}, {"model": "admin.logentry", "pk": 7, "fields": {"action_time": "2020-12-02T01:29:55.735Z", "user": 4, "content_type": 20, "object_id": "5", "object_repr": "Message object (5)", "action_flag": 2, "change_message": "[{\"changed\": {\"fields\": [\"Is read\"]}}]"}}, {"model": "admin.logentry", "pk": 8, "fields": {"action_time": "2020-12-02T01:36:30.311Z", "user": 4, "content_type": 2, "object_id": "1", "object_repr": "Acute Medicine", "action_flag": 2, "change_message": "[{\"changed\": {\"fields\": [\"Name\", \"Image\"]}}]"}}, {"model": "admin.logentry", "pk": 9, "fields": {"action_time": "2020-12-02T01:37:38.580Z", "user": 4, "content_type": 2, "object_id": "1", "object_repr": "Acute Medicine", "action_flag": 2, "change_message": "[{\"changed\": {\"fields\": [\"Image\"]}}]"}}, {"model": "admin.logentry", "pk": 10, "fields": {"action_time": "2020-12-02T01:38:11.450Z", "user": 4, "content_type": 2, "object_id": "3", "object_repr": "Cardiology", "action_flag": 1, "change_message": "[{\"added\": {}}]"}}, {"model": "admin.logentry", "pk": 11, "fields": {"action_time": "2020-12-02T01:38:32.649Z", "user": 4, "content_type": 2, "object_id": "4", "object_repr": "Dermatology", "action_flag": 1, "change_message": "[{\"added\": {}}]"}}, {"model": "admin.logentry", "pk": 12, "fields": {"action_time": "2020-12-02T01:39:03.448Z", "user": 4, "content_type": 2, "object_id": "5", "object_repr": "Forensic Pathology", "action_flag": 1, "change_message": "[{\"added\": {}}]"}}, {"model": "admin.logentry", "pk": 13, "fields": {"action_time": "2020-12-02T01:39:34.837Z", "user": 4, "content_type": 2, "object_id": "6", "object_repr": "Gastroenterology", "action_flag": 1, "change_message": "[{\"added\": {}}]"}}, {"model": "admin.logentry", "pk": 14, "fields": {"action_time": "2020-12-02T01:40:11.509Z", "user": 4, "content_type": 2, "object_id": "6", "object_repr": "Gastroenterology", "action_flag": 2, "change_message": "[{\"changed\": {\"fields\": [\"Image\"]}}]"}}, {"model": "admin.logentry", "pk": 15, "fields": {"action_time": "2020-12-02T01:41:07.444Z", "user": 4, "content_type": 2, "object_id": "6", "object_repr": "Gastroenterology", "action_flag": 2, "change_message": "[{\"changed\": {\"fields\": [\"Image\"]}}]"}}, {"model": "admin.logentry", "pk": 16, "fields": {"action_time": "2020-12-02T01:41:36.615Z", "user": 4, "content_type": 2, "object_id": "7", "object_repr": "Gynecology", "action_flag": 1, "change_message": "[{\"added\": {}}]"}}, {"model": "admin.logentry", "pk": 17, "fields": {"action_time": "2020-12-02T01:42:02.738Z", "user": 4, "content_type": 2, "object_id": "8", "object_repr": "Hepatology", "action_flag": 1, "change_message": "[{\"added\": {}}]"}}, {"model": "admin.logentry", "pk": 18, "fields": {"action_time": "2020-12-02T01:42:32.216Z", "user": 4, "content_type": 2, "object_id": "9", "object_repr": "Neurology", "action_flag": 1, "change_message": "[{\"added\": {}}]"}}, {"model": "admin.logentry", "pk": 19, "fields": {"action_time": "2020-12-02T01:42:56.871Z", "user": 4, "content_type": 2, "object_id": "9", "object_repr": "Neurology", "action_flag": 2, "change_message": "[{\"changed\": {\"fields\": [\"Image\"]}}]"}}, {"model": "admin.logentry", "pk": 20, "fields": {"action_time": "2020-12-02T01:43:33.172Z", "user": 4, "content_type": 2, "object_id": "10", "object_repr": "Opthalmology", "action_flag": 1, "change_message": "[{\"added\": {}}]"}}, {"model": "admin.logentry", "pk": 21, "fields": {"action_time": "2020-12-02T01:43:56.542Z", "user": 4, "content_type": 2, "object_id": "11", "object_repr": "Oral Health", "action_flag": 1, "change_message": "[{\"added\": {}}]"}}, {"model": "admin.logentry", "pk": 22, "fields": {"action_time": "2020-12-02T01:44:31.552Z", "user": 4, "content_type": 2, "object_id": "12", "object_repr": "Orthopedics", "action_flag": 1, "change_message": "[{\"added\": {}}]"}}, {"model": "admin.logentry", "pk": 23, "fields": {"action_time": "2020-12-02T01:44:50.805Z", "user": 4, "content_type": 2, "object_id": "13", "object_repr": "Otology", "action_flag": 1, "change_message": "[{\"added\": {}}]"}}, {"model": "admin.logentry", "pk": 24, "fields": {"action_time": "2020-12-02T01:45:09.458Z", "user": 4, "content_type": 2, "object_id": "14", "object_repr": "Plastic Surgery", "action_flag": 1, "change_message": "[{\"added\": {}}]"}}, {"model": "admin.logentry", "pk": 25, "fields": {"action_time": "2020-12-02T01:45:35.551Z", "user": 4, "content_type": 2, "object_id": "15", "object_repr": "Psychiatry", "action_flag": 1, "change_message": "[{\"added\": {}}]"}}, {"model": "admin.logentry", "pk": 26, "fields": {"action_time": "2020-12-02T01:45:55.695Z", "user": 4, "content_type": 2, "object_id": "16", "object_repr": "Pulmonology", "action_flag": 1, "change_message": "[{\"added\": {}}]"}}, {"model": "admin.logentry", "pk": 27, "fields": {"action_time": "2020-12-02T01:46:25.981Z", "user": 4, "content_type": 2, "object_id": "17", "object_repr": "Rehabilitative Medicine", "action_flag": 1, "change_message": "[{\"added\": {}}]"}}, {"model": "admin.logentry", "pk": 28, "fields": {"action_time": "2020-12-02T01:46:44.387Z", "user": 4, "content_type": 2, "object_id": "18", "object_repr": "Rhinology", "action_flag": 1, "change_message": "[{\"added\": {}}]"}}, {"model": "admin.logentry", "pk": 29, "fields": {"action_time": "2020-12-02T01:47:04.789Z", "user": 4, "content_type": 2, "object_id": "19", "object_repr": "Urology", "action_flag": 1, "change_message": "[{\"added\": {}}]"}}, {"model": "admin.logentry", "pk": 30, "fields": {"action_time": "2020-12-02T05:24:03.068Z", "user": 4, "content_type": 2, "object_id": "1", "object_repr": "Acute Medicine", "action_flag": 2, "change_message": "[{\"added\": {\"name\": \"sub category\", \"object\": \"Sub category 5.2\"}}]"}}, {"model": "admin.logentry", "pk": 31, "fields": {"action_time": "2020-12-02T05:39:40.186Z", "user": 4, "content_type": 2, "object_id": "3", "object_repr": "Cardiology", "action_flag": 2, "change_message": "[{\"added\": {\"name\": \"sub category\", \"object\": \"Why you should join\"}}]"}}, {"model": "admin.logentry", "pk": 32, "fields": {"action_time": "2020-12-02T05:44:24.604Z", "user": 4, "content_type": 3, "object_id": "2", "object_repr": "Sub category 2.1", "action_flag": 2, "change_message": "[{\"added\": {\"name\": \"listing\", \"object\": \"Offer listing two\"}}]"}}, {"model": "admin.logentry", "pk": 33, "fields": {"action_time": "2020-12-02T05:52:14.580Z", "user": 4, "content_type": 3, "object_id": "21", "object_repr": "Why you should join", "action_flag": 2, "change_message": "[{\"added\": {\"name\": \"listing\", \"object\": \"gadgadga\"}}]"}}, {"model": "admin.logentry", "pk": 34, "fields": {"action_time": "2020-12-03T03:34:12.000Z", "user": 4, "content_type": 2, "object_id": "1", "object_repr": "Acute Medicine", "action_flag": 2, "change_message": "[{\"changed\": {\"name\": \"sub category\", \"object\": \"Pain Managment\", \"fields\": [\"Name\"]}}]"}}, {"model": "admin.logentry", "pk": 35, "fields": {"action_time": "2020-12-03T23:41:35.754Z", "user": 4, "content_type": 20, "object_id": "10", "object_repr": "Message object (10)", "action_flag": 2, "change_message": "[{\"changed\": {\"fields\": [\"Is read\"]}}]"}}, {"model": "admin.logentry", "pk": 36, "fields": {"action_time": "2020-12-04T00:30:17.579Z", "user": 4, "content_type": 12, "object_id": "1", "object_repr": "ihlkgujhgdfzxfhcjvkbjlknbvjchg", "action_flag": 1, "change_message": "[{\"added\": {}}]"}}, {"model": "admin.logentry", "pk": 37, "fields": {"action_time": "2020-12-04T00:30:22.572Z", "user": 4, "content_type": 12, "object_id": "1", "object_repr": "ihlkgujhgdfzxfhcjvkbjlknbvjchg", "action_flag": 2, "change_message": "[{\"changed\": {\"fields\": [\"Approved comment\"]}}]"}}, {"model": "sites.site", "pk": 1, "fields": {"domain": "example.com", "name": "example.com"}}, {"model": "auth.permission", "pk": 1, "fields": {"name": "Can add log entry", "content_type": 4, "codename": "add_logentry"}}, {"model": "auth.permission", "pk": 2, "fields": {"name": "Can change log entry", "content_type": 4, "codename": "change_logentry"}}, {"model": "auth.permission", "pk": 3, "fields": {"name": "Can delete log entry", "content_type": 4, "codename": "delete_logentry"}}, {"model": "auth.permission", "pk": 4, "fields": {"name": "Can view log entry", "content_type": 4, "codename": "view_logentry"}}, {"model": "auth.permission", "pk": 5, "fields": {"name": "Can add site", "content_type": 5, "codename": "add_site"}}, {"model": "auth.permission", "pk": 6, "fields": {"name": "Can change site", "content_type": 5, "codename": "change_site"}}, {"model": "auth.permission", "pk": 7, "fields": {"name": "Can delete site", "content_type": 5, "codename": "delete_site"}}, {"model": "auth.permission", "pk": 8, "fields": {"name": "Can view site", "content_type": 5, "codename": "view_site"}}, {"model": "auth.permission", "pk": 9, "fields": {"name": "Can add permission", "content_type": 6, "codename": "add_permission"}}, {"model": "auth.permission", "pk": 10, "fields": {"name": "Can change permission", "content_type": 6, "codename": "change_permission"}}, {"model": "auth.permission", "pk": 11, "fields": {"name": "Can delete permission", "content_type": 6, "codename": "delete_permission"}}, {"model": "auth.permission", "pk": 12, "fields": {"name": "Can view permission", "content_type": 6, "codename": "view_permission"}}, {"model": "auth.permission", "pk": 13, "fields": {"name": "Can add group", "content_type": 7, "codename": "add_group"}}, {"model": "auth.permission", "pk": 14, "fields": {"name": "Can change group", "content_type": 7, "codename": "change_group"}}, {"model": "auth.permission", "pk": 15, "fields": {"name": "Can delete group", "content_type": 7, "codename": "delete_group"}}, {"model": "auth.permission", "pk": 16, "fields": {"name": "Can view group", "content_type": 7, "codename": "view_group"}}, {"model": "auth.permission", "pk": 17, "fields": {"name": "Can add user", "content_type": 8, "codename": "add_user"}}, {"model": "auth.permission", "pk": 18, "fields": {"name": "Can change user", "content_type": 8, "codename": "change_user"}}, {"model": "auth.permission", "pk": 19, "fields": {"name": "Can delete user", "content_type": 8, "codename": "delete_user"}}, {"model": "auth.permission", "pk": 20, "fields": {"name": "Can view user", "content_type": 8, "codename": "view_user"}}, {"model": "auth.permission", "pk": 21, "fields": {"name": "Can add content type", "content_type": 9, "codename": "add_contenttype"}}, {"model": "auth.permission", "pk": 22, "fields": {"name": "Can change content type", "content_type": 9, "codename": "change_contenttype"}}, {"model": "auth.permission", "pk": 23, "fields": {"name": "Can delete content type", "content_type": 9, "codename": "delete_contenttype"}}, {"model": "auth.permission", "pk": 24, "fields": {"name": "Can view content type", "content_type": 9, "codename": "view_contenttype"}}, {"model": "auth.permission", "pk": 25, "fields": {"name": "Can add session", "content_type": 10, "codename": "add_session"}}, {"model": "auth.permission", "pk": 26, "fields": {"name": "Can change session", "content_type": 10, "codename": "change_session"}}, {"model": "auth.permission", "pk": 27, "fields": {"name": "Can delete session", "content_type": 10, "codename": "delete_session"}}, {"model": "auth.permission", "pk": 28, "fields": {"name": "Can view session", "content_type": 10, "codename": "view_session"}}, {"model": "auth.permission", "pk": 29, "fields": {"name": "Can add node", "content_type": 1, "codename": "add_node"}}, {"model": "auth.permission", "pk": 30, "fields": {"name": "Can change node", "content_type": 1, "codename": "change_node"}}, {"model": "auth.permission", "pk": 31, "fields": {"name": "Can delete node", "content_type": 1, "codename": "delete_node"}}, {"model": "auth.permission", "pk": 32, "fields": {"name": "Can view node", "content_type": 1, "codename": "view_node"}}, {"model": "auth.permission", "pk": 33, "fields": {"name": "Can add category", "content_type": 2, "codename": "add_category"}}, {"model": "auth.permission", "pk": 34, "fields": {"name": "Can change category", "content_type": 2, "codename": "change_category"}}, {"model": "auth.permission", "pk": 35, "fields": {"name": "Can delete category", "content_type": 2, "codename": "delete_category"}}, {"model": "auth.permission", "pk": 36, "fields": {"name": "Can view category", "content_type": 2, "codename": "view_category"}}, {"model": "auth.permission", "pk": 37, "fields": {"name": "Can add sub category", "content_type": 3, "codename": "add_subcategory"}}, {"model": "auth.permission", "pk": 38, "fields": {"name": "Can change sub category", "content_type": 3, "codename": "change_subcategory"}}, {"model": "auth.permission", "pk": 39, "fields": {"name": "Can delete sub category", "content_type": 3, "codename": "delete_subcategory"}}, {"model": "auth.permission", "pk": 40, "fields": {"name": "Can view sub category", "content_type": 3, "codename": "view_subcategory"}}, {"model": "auth.permission", "pk": 41, "fields": {"name": "Can add listing", "content_type": 11, "codename": "add_listing"}}, {"model": "auth.permission", "pk": 42, "fields": {"name": "Can change listing", "content_type": 11, "codename": "change_listing"}}, {"model": "auth.permission", "pk": 43, "fields": {"name": "Can delete listing", "content_type": 11, "codename": "delete_listing"}}, {"model": "auth.permission", "pk": 44, "fields": {"name": "Can view listing", "content_type": 11, "codename": "view_listing"}}, {"model": "auth.permission", "pk": 45, "fields": {"name": "Can add comment", "content_type": 12, "codename": "add_comment"}}, {"model": "auth.permission", "pk": 46, "fields": {"name": "Can change comment", "content_type": 12, "codename": "change_comment"}}, {"model": "auth.permission", "pk": 47, "fields": {"name": "Can delete comment", "content_type": 12, "codename": "delete_comment"}}, {"model": "auth.permission", "pk": 48, "fields": {"name": "Can view comment", "content_type": 12, "codename": "view_comment"}}, {"model": "auth.permission", "pk": 49, "fields": {"name": "Can add profile", "content_type": 13, "codename": "add_profile"}}, {"model": "auth.permission", "pk": 50, "fields": {"name": "Can change profile", "content_type": 13, "codename": "change_profile"}}, {"model": "auth.permission", "pk": 51, "fields": {"name": "Can delete profile", "content_type": 13, "codename": "delete_profile"}}, {"model": "auth.permission", "pk": 52, "fields": {"name": "Can view profile", "content_type": 13, "codename": "view_profile"}}, {"model": "auth.permission", "pk": 53, "fields": {"name": "Can add friend_request", "content_type": 14, "codename": "add_friend_request"}}, {"model": "auth.permission", "pk": 54, "fields": {"name": "Can change friend_request", "content_type": 14, "codename": "change_friend_request"}}, {"model": "auth.permission", "pk": 55, "fields": {"name": "Can delete friend_request", "content_type": 14, "codename": "delete_friend_request"}}, {"model": "auth.permission", "pk": 56, "fields": {"name": "Can view friend_request", "content_type": 14, "codename": "view_friend_request"}}, {"model": "auth.permission", "pk": 57, "fields": {"name": "Can add messages", "content_type": 15, "codename": "add_messages"}}, {"model": "auth.permission", "pk": 58, "fields": {"name": "Can change messages", "content_type": 15, "codename": "change_messages"}}, {"model": "auth.permission", "pk": 59, "fields": {"name": "Can delete messages", "content_type": 15, "codename": "delete_messages"}}, {"model": "auth.permission", "pk": 60, "fields": {"name": "Can view messages", "content_type": 15, "codename": "view_messages"}}, {"model": "auth.permission", "pk": 61, "fields": {"name": "Can add comment", "content_type": 16, "codename": "add_xtdcomment"}}, {"model": "auth.permission", "pk": 62, "fields": {"name": "Can change comment", "content_type": 16, "codename": "change_xtdcomment"}}, {"model": "auth.permission", "pk": 63, "fields": {"name": "Can delete comment", "content_type": 16, "codename": "delete_xtdcomment"}}, {"model": "auth.permission", "pk": 64, "fields": {"name": "Can view comment", "content_type": 16, "codename": "view_xtdcomment"}}, {"model": "auth.permission", "pk": 65, "fields": {"name": "Can moderate comments", "content_type": 16, "codename": "can_moderate"}}, {"model": "auth.permission", "pk": 66, "fields": {"name": "Can add black listed domain", "content_type": 17, "codename": "add_blacklisteddomain"}}, {"model": "auth.permission", "pk": 67, "fields": {"name": "Can change black listed domain", "content_type": 17, "codename": "change_blacklisteddomain"}}, {"model": "auth.permission", "pk": 68, "fields": {"name": "Can delete black listed domain", "content_type": 17, "codename": "delete_blacklisteddomain"}}, {"model": "auth.permission", "pk": 69, "fields": {"name": "Can view black listed domain", "content_type": 17, "codename": "view_blacklisteddomain"}}, {"model": "auth.permission", "pk": 70, "fields": {"name": "Can add comment", "content_type": 18, "codename": "add_comment"}}, {"model": "auth.permission", "pk": 71, "fields": {"name": "Can change comment", "content_type": 18, "codename": "change_comment"}}, {"model": "auth.permission", "pk": 72, "fields": {"name": "Can delete comment", "content_type": 18, "codename": "delete_comment"}}, {"model": "auth.permission", "pk": 73, "fields": {"name": "Can view comment", "content_type": 18, "codename": "view_comment"}}, {"model": "auth.permission", "pk": 74, "fields": {"name": "Can moderate comments", "content_type": 18, "codename": "can_moderate"}}, {"model": "auth.permission", "pk": 75, "fields": {"name": "Can add comment flag", "content_type": 19, "codename": "add_commentflag"}}, {"model": "auth.permission", "pk": 76, "fields": {"name": "Can change comment flag", "content_type": 19, "codename": "change_commentflag"}}, {"model": "auth.permission", "pk": 77, "fields": {"name": "Can delete comment flag", "content_type": 19, "codename": "delete_commentflag"}}, {"model": "auth.permission", "pk": 78, "fields": {"name": "Can view comment flag", "content_type": 19, "codename": "view_commentflag"}}, {"model": "auth.permission", "pk": 79, "fields": {"name": "Can add message", "content_type": 20, "codename": "add_message"}}, {"model": "auth.permission", "pk": 80, "fields": {"name": "Can change message", "content_type": 20, "codename": "change_message"}}, {"model": "auth.permission", "pk": 81, "fields": {"name": "Can delete message", "content_type": 20, "codename": "delete_message"}}, {"model": "auth.permission", "pk": 82, "fields": {"name": "Can view message", "content_type": 20, "codename": "view_message"}}, {"model": "auth.user", "pk": 3, "fields": {"password": "pbkdf2_sha256$216000$IEMN7nRF4o9P$h2PNaREaFd0TnA4Lj6w5u0WIogwRWMOZR7V1XfCf+g0=", "last_login": null, "is_superuser": false, "username": "Who", "first_name": "", "last_name": "", "email": "who@what.com", "is_staff": false, "is_active": true, "date_joined": "2020-12-02T01:07:03.631Z", "groups": [], "user_permissions": []}}, {"model": "auth.user", "pk": 4, "fields": {"password": "pbkdf2_sha256$216000$TmqsFZFjKPfp$aUk50F6MkBEydRg60ESpxgaqdB7stGits/8JZV+Bu9I=", "last_login": "2020-12-04T01:16:42.885Z", "is_superuser": true, "username": "pk", "first_name": "", "last_name": "", "email": "w.patrick.kelly@gmail.com", "is_staff": true, "is_active": true, "date_joined": "2020-12-02T01:08:10.500Z", "groups": [], "user_permissions": []}}, {"model": "auth.user", "pk": 5, "fields": {"password": "pbkdf2_sha256$216000$NqJyBPcyndUo$U7KTN/VDP3tx4bNShPUkYcZ4wc/M4XS9EB02GRnud84=", "last_login": "2020-12-03T23:33:10.028Z", "is_superuser": false, "username": "fatpat", "first_name": "", "last_name": "", "email": "who@what.com", "is_staff": false, "is_active": true, "date_joined": "2020-12-02T01:19:47.814Z", "groups": [], "user_permissions": []}}, {"model": "auth.user", "pk": 6, "fields": {"password": "pbkdf2_sha256$216000$dbsL8xPgk9om$IXpIF9ZJk7LBRpQBiPlYPdA9XhRagJ+nZpNS+tSGvRg=", "last_login": null, "is_superuser": true, "username": "patrickkelly", "first_name": "", "last_name": "", "email": "", "is_staff": true, "is_active": true, "date_joined": "2020-12-03T18:37:33.487Z", "groups": [], "user_permissions": []}}, {"model": "sessions.session", "pk": "1r1qrn6fh5au1wb8zls9izteu8v6ab3s", "fields": {"session_data": ".eJxVjM0OwiAQhN-FsyEUlkU8evcZyPInVQNJaU_Gd5cmPeicJvPNzJs52tbitp4WN0d2YcBOv5mn8Ex1B_FB9d54aHVdZs_3Cj9o57cW0-t6dP8OCvUy1iikyd6g1NKkISFHYKVNfjIevETUZxpOkQDUKgNYAMpBK7QKYWKfL74tNos:1kky6Q:O448_ZziA1SsUW5V0Vo7Ws_s4KFSK8XJHYdj6JHQ7FA", "expire_date": "2020-12-17T23:33:34.236Z"}}, {"model": "sessions.session", "pk": "91abej376mkoe40xev6votyvmj3ts4pf", "fields": {"session_data": "e30:1kkGTk:MpM8nv2ABI5jXYPO1YjBGQaNweiI6EyT_hF6K1jDRkM", "expire_date": "2020-12-16T00:58:44.591Z"}}, {"model": "sessions.session", "pk": "9kih3djb2ejnq754xja8xwnjskqbyolw", "fields": {"session_data": "e30:1kkGKR:_4tX4y7KwhOz0q3QV3edbsTNFVq0tFPZz0vvIMnHeVQ", "expire_date": "2020-12-16T00:49:07.402Z"}}, {"model": "sessions.session", "pk": "amg3cp6xu1mlnkn2gggcbklm6ggf791m", "fields": {"session_data": "e30:1kkGRv:Kg6FPCXz7gAKLq_BRsX2hpUKPitSRqVpWs5nDfSLgrs", "expire_date": "2020-12-16T00:56:51.971Z"}}, {"model": "sessions.session", "pk": "fjcdtql9nye0a7f4r3ki1nxe0c025czk", "fields": {"session_data": "e30:1kkGWd:Pw0-QStWSdI7dtYj3_wUVybmVQxR17ybB29Pw7NziTo", "expire_date": "2020-12-16T01:01:43.067Z"}}, {"model": "sessions.session", "pk": "j60gcm9th508fbuji5b9p2ljewb3da7n", "fields": {"session_data": "e30:1kkGEg:iJctBbXlYvO9-8l9hVqQYib8XWRpn1MFH4KetyiHF0k", "expire_date": "2020-12-16T00:43:10.332Z"}}, {"model": "sessions.session", "pk": "pqf7q8wrwiaghq75mdey4e3tw7m37uht", "fields": {"session_data": "e30:1kkGMh:vU5LZDHiBqxmsdjCtn7wDRwal181akvBZVsoEcDu96A", "expire_date": "2020-12-16T00:51:27.405Z"}}, {"model": "sessions.session", "pk": "tblbrzg9w2zxawiun3vy9oyyw92802pb", "fields": {"session_data": "e30:1kkGXi:u0atZQ_CSyvzx14wZFMeGnwplr_rw6Mgw41ZrCStQ1g", "expire_date": "2020-12-16T01:02:50.331Z"}}, {"model": "sessions.session", "pk": "uagabjk9b95jubj2xizz9mnw2s2lodqz", "fields": {"session_data": ".eJxVjM0OwiAQhN-FsyEUlkU8evcZyPInVQNJaU_Gd5cmPeicJvPNzJs52tbitp4WN0d2YcBOv5mn8Ex1B_FB9d54aHVdZs_3Cj9o57cW0-t6dP8OCvUy1iikyd6g1NKkISFHYKVNfjIevETUZxpOkQDUKgNYAMpBK7QKYWKfL74tNos:1kkziE:HXAfee_s7cog_O5oDPS0fpRpC8vnQAytlkH5i1V03_E", "expire_date": "2020-12-18T01:16:42.907Z"}}, {"model": "sessions.session", "pk": "unsjacz974e3006zvg2jm1tlsb606vc4", "fields": {"session_data": "e30:1kkGn1:WNLYtix4dWIV4JnwD9o__TJ6cLyokbhl7rZXE8sHn2Q", "expire_date": "2020-12-16T01:18:39.655Z"}}, {"model": "sessions.session", "pk": "utoivya7oqeu11i8y0avhu3m6rqhfj29", "fields": {"session_data": "e30:1kkGH0:AsEFv_N8kYByigQmgUqGlQOpUOY_Hd5paOqelyDKaFg", "expire_date": "2020-12-16T00:45:34.646Z"}}, {"model": "sessions.session", "pk": "vnc66d1majssme48728515kbqn409u9l", "fields": {"session_data": "e30:1kkGX1:PWDeh0uh0cuM1uAHN3vqAdAkgJm7QNLdxgsjPbabndI", "expire_date": "2020-12-16T01:02:07.920Z"}}, {"model": "sessions.session", "pk": "zfyqjf6wsdzor2g39yrigt1lxlyo5i92", "fields": {"session_data": "e30:1kkGHB:X6YFJzMr53W9uDlRSIVTYUuU1WPOG0NfXK5ZJg59XnM", "expire_date": "2020-12-16T00:45:45.830Z"}}, {"model": "categorys.node", "pk": 1, "fields": {"name": "Acute Medicine", "image": "media/profile_pics/Caduceus_2.png", "parent": null, "_id": null}}, {"model": "categorys.node", "pk": 2, "fields": {"name": "Pain Managment", "image": "default.jpg", "parent": 1, "_id": null}}, {"model": "categorys.node", "pk": 3, "fields": {"name": "Cardiology", "image": "media/profile_pics/Cardiology.png", "parent": null, "_id": null}}, {"model": "categorys.node", "pk": 4, "fields": {"name": "Dermatology", "image": "media/profile_pics/Dermatology.png", "parent": null, "_id": null}}, {"model": "categorys.node", "pk": 5, "fields": {"name": "Forensic Pathology", "image": "media/profile_pics/Forensic_Pathology.png", "parent": null, "_id": null}}, {"model": "categorys.node", "pk": 6, "fields": {"name": "Gastroenterology", "image": "media/profile_pics/Gastroenterology.png", "parent": null, "_id": null}}, {"model": "categorys.node", "pk": 7, "fields": {"name": "Gynecology", "image": "media/profile_pics/Gynecology_hbAVlXr.png", "parent": null, "_id": null}}, {"model": "categorys.node", "pk": 8, "fields": {"name": "Hepatology", "image": "media/profile_pics/Hepatology.png", "parent": null, "_id": null}}, {"model": "categorys.node", "pk": 9, "fields": {"name": "Neurology", "image": "media/profile_pics/Neurosurgery.png", "parent": null, "_id": null}}, {"model": "categorys.node", "pk": 10, "fields": {"name": "Opthalmology", "image": "media/profile_pics/Opthalmology.png", "parent": null, "_id": null}}, {"model": "categorys.node", "pk": 11, "fields": {"name": "Oral Health", "image": "media/profile_pics/Oral_Health.png", "parent": null, "_id": null}}, {"model": "categorys.node", "pk": 12, "fields": {"name": "Orthopedics", "image": "media/profile_pics/Orthopedics.png", "parent": null, "_id": null}}, {"model": "categorys.node", "pk": 13, "fields": {"name": "Otology", "image": "media/profile_pics/Otology_Aural_Medicine.png", "parent": null, "_id": null}}, {"model": "categorys.node", "pk": 14, "fields": {"name": "Plastic Surgery", "image": "media/profile_pics/Plastic_Surgery.png", "parent": null, "_id": null}}, {"model": "categorys.node", "pk": 15, "fields": {"name": "Psychiatry", "image": "media/profile_pics/Psychiatry.png", "parent": null, "_id": null}}, {"model": "categorys.node", "pk": 16, "fields": {"name": "Pulmonology", "image": "media/profile_pics/Pulmonology.png", "parent": null, "_id": null}}, {"model": "categorys.node", "pk": 17, "fields": {"name": "Rehabilitative Medicine", "image": "media/profile_pics/Rehabilitative_Medicine.png", "parent": null, "_id": null}}, {"model": "categorys.node", "pk": 18, "fields": {"name": "Rhinology", "image": "media/profile_pics/Rhinology.png", "parent": null, "_id": null}}, {"model": "categorys.node", "pk": 19, "fields": {"name": "Urology", "image": "media/profile_pics/Urology.png", "parent": null, "_id": null}}, {"model": "categorys.node", "pk": 20, "fields": {"name": "Sub category 5.2", "image": "default.jpg", "parent": 1, "_id": null}}, {"model": "categorys.node", "pk": 21, "fields": {"name": "Why you should join", "image": "default.jpg", "parent": 3, "_id": null}}, {"model": "categorys.listing", "pk": 1, "fields": {"sub_category": 2, "title": "Zelda overworld theme", "description": "fdsfdsfdfsdfdsfdafd afds afdsa fdsaf df dsafsd", "author": 4, "slug": "zelda-overworld-theme", "content": "f dafdsafdsfdsf dsaf dsaf dsa fdsaf dsaf", "created": "2020-12-02T01:21:18.822Z", "modified": "2020-12-02T01:21:18.822Z"}}, {"model": "categorys.listing", "pk": 2, "fields": {"sub_category": 2, "title": "Offer listing two", "description": "fdafdasfdsafdsafdsafdsaffdsfdsf", "author": 4, "slug": "offer-listing-two", "content": "fdfdsfdsfsdfsadfdsafads", "created": "2020-12-02T05:44:24.604Z", "modified": "2020-12-02T05:44:24.604Z"}}, {"model": "categorys.listing", "pk": 3, "fields": {"sub_category": 21, "title": "gadgadga", "description": "gfdagdfsgdfgsdfgdsfg", "author": 4, "slug": "gadgadga", "content": "fsdgfdsgfds", "created": "2020-12-02T05:52:14.579Z", "modified": "2020-12-02T05:52:14.579Z"}}, {"model": "categorys.listing", "pk": 4, "fields": {"sub_category": 2, "title": "Video", "description": null, "author": 4, "slug": "video", "content": "jophigucg dtyfiugihlkbjh hioujhgjkj", "created": "2020-12-03T05:23:54.302Z", "modified": "2020-12-03T05:23:54.302Z"}}, {"model": "categorys.comment", "pk": 1, "fields": {"post": 1, "author": "pk", "text": "ihlkgujhgdfzxfhcjvkbjlknbvjchg", "created_date": "2020-12-04T00:30:04Z", "approved_comment": true}}, {"model": "categorys.comment", "pk": 2, "fields": {"post": 4, "author": "pk", "text": "fdsafdafdsafdsfa", "created_date": "2020-12-04T00:40:22.526Z", "approved_comment": false}}, {"model": "categorys.comment", "pk": 3, "fields": {"post": 4, "author": "pk", "text": "test", "created_date": "2020-12-04T01:23:12.269Z", "approved_comment": false}}, {"model": "users.profile", "pk": 1, "fields": {"user": 3, "slug": "who", "image": "default.jpg", "bio": null, "student": null, "professional": null, "skills_to_offer": null, "location": null, "looking_for": null, "affiliation": null, "friends": []}}, {"model": "users.profile", "pk": 2, "fields": {"user": 4, "slug": "pk", "image": "profile_pics/default.jpg", "bio": "", "student": null, "professional": null, "skills_to_offer": null, "location": null, "looking_for": null, "affiliation": null, "friends": [5]}}, {"model": "users.profile", "pk": 3, "fields": {"user": 5, "slug": "fatpat", "image": "default.jpg", "bio": null, "student": null, "professional": null, "skills_to_offer": null, "location": null, "looking_for": null, "affiliation": null, "friends": [4]}}, {"model": "users.profile", "pk": 4, "fields": {"user": 6, "slug": "patrickkelly", "image": "default.jpg", "bio": null, "student": null, "professional": null, "skills_to_offer": null, "location": null, "looking_for": null, "affiliation": null, "friends": []}}, {"model": "users.friend_request", "pk": 1, "fields": {"sender": 3, "receiver": 2, "status": "accepted"}}, {"model": "message.message", "pk": 1, "fields": {"user": 5, "sender": 5, "recipient": 4, "body": "Yo", "date": "2020-12-02T01:22:09.940Z", "is_read": true}}, {"model": "message.message", "pk": 2, "fields": {"user": 4, "sender": 5, "recipient": 5, "body": "Yo", "date": "2020-12-02T01:22:09.942Z", "is_read": true}}, {"model": "message.message", "pk": 3, "fields": {"user": 4, "sender": 4, "recipient": 5, "body": "restrestestestest", "date": "2020-12-02T01:22:30.752Z", "is_read": true}}, {"model": "message.message", "pk": 4, "fields": {"user": 5, "sender": 4, "recipient": 4, "body": "restrestestestest", "date": "2020-12-02T01:22:30.755Z", "is_read": true}}, {"model": "message.message", "pk": 5, "fields": {"user": 4, "sender": 4, "recipient": 5, "body": "testestest", "date": "2020-12-02T01:25:27.748Z", "is_read": true}}, {"model": "message.message", "pk": 6, "fields": {"user": 5, "sender": 4, "recipient": 4, "body": "testestest", "date": "2020-12-02T01:25:27.750Z", "is_read": true}}, {"model": "message.message", "pk": 7, "fields": {"user": 5, "sender": 5, "recipient": 4, "body": "gadgfdagdgfasd", "date": "2020-12-02T01:31:11.137Z", "is_read": true}}, {"model": "message.message", "pk": 8, "fields": {"user": 4, "sender": 5, "recipient": 5, "body": "gadgfdagdgfasd", "date": "2020-12-02T01:31:11.140Z", "is_read": true}}, {"model": "message.message", "pk": 9, "fields": {"user": 5, "sender": 5, "recipient": 4, "body": "HURGABURGA", "date": "2020-12-03T23:33:25.079Z", "is_read": true}}, {"model": "message.message", "pk": 10, "fields": {"user": 4, "sender": 5, "recipient": 5, "body": "HURGABURGA", "date": "2020-12-03T23:33:25.082Z", "is_read": true}}]